"species","baseMean","log2FoldChange","lfcSE","pvalue","padj"
"Fusobacterium ulcerans",1705.99154664685,0.308126010303157,1.0904722911275,2.17720428656092e-14,5.23025737690763e-12
"Fusobacterium nucleatum",540.81894951353,0.350801649343192,1.11235353536332,2.3773897167762e-14,5.23025737690763e-12
"Bacteroides sp. KG68",2545.86982684434,0.247922424475386,1.06483763036964,1.99137255626829e-12,2.92067974919348e-10
"Bifidobacterium fermentum",106.538681399427,0.343402331507091,1.10805159925871,3.85926773081633e-12,4.24519450389796e-10
"Fusobacterium sp. SB021",1351.53367436803,0.245738866699141,1.06401504228886,4.53645815727735e-11,3.35855302180291e-09
"Fusobacterium hominis",685.02391714544,0.243339550246072,1.06311526690683,5.13896233253306e-11,3.35855302180291e-09
"Fusobacterium vincentii",676.311371299393,0.243351714699672,1.06311947648132,5.34315253468645e-11,3.35855302180291e-09
"Ruminococcus sp. FMB-CY1",355.544843524034,0.241007043871787,1.06224024505764,2.40832388176449e-10,1.32457813497047e-08
"Fusobacterium animalis",300.219808945034,0.241032548251785,1.06224212545933,3.56141840033938e-10,1.74113788461037e-08
"Bacteroides phage B124-14",68.0674781825914,-0.221078781402513,1.05641893558634,6.54733957108437e-10,2.88082941127712e-08
"Bacteroides phage B40-8",62.848971521926,-0.221048939948786,1.05639623571923,7.81321051776278e-10,3.12528420710511e-08
"Enterococcus hirae",17.9952953837601,-0.219917180361793,1.0556149384452,1.13572259314819e-08,4.16431617487671e-07
"Clostridium sp. MB05",27.9527512560672,0.230979052811248,1.05820920012191,5.85341177106771e-08,1.93076340577161e-06
"Bacteroides sp. BFG-257",27.1793665638875,0.230529639790402,1.0580424610967,6.14333810927331e-08,1.93076340577161e-06
"Akkermansia sp. RCC_12PD",13.7625800158107,0.227196228216981,1.05642896892753,2.34061952714863e-07,6.86581727963599e-06
"Fusobacterium polymorphum",220.788762196965,11.066197402516,3.92415469114132,6.42956818012176e-06,0.000176813124953348
"Clostridium sp. C1",66.1231324536785,9.33141508994432,3.43716893573996,7.19448041905251e-06,0.0001862100814343
"Sutterella faecalis",575950.903224053,9.79748282185666,3.21884996869186,2.55300249196721e-05,0.000624067275814206
"Ruminococcus callidus",20401.7823018996,-5.45800451403802,1.67366208658414,3.05192042758544e-05,0.000706760520072417
"Bifidobacterium imperatoris",99.3995324197903,9.56969250018342,3.93025541664123,6.49573027363696e-05,0.00142906066020013
"Alistipes megaguti",100027.137953789,-4.59442927198234,2.29700098573139,0.00076891441999615,0.016067036643188
"Akkermansia sp. JRP_AM1",122.446200948399,0.46490244126974,1.18708820371642,0.000803351832159401,0.016067036643188
"Bacteroides sp. ZJ-18",63.0096861150209,-0.434397588093276,1.16590005802231,0.00106256330670367,0.0203272980412876
"Fusobacterium mortiferum",109595.262643292,0.260909153684376,1.06981641710304,0.00111409481279524,0.0204250715679128
"Enterococcus sp. 22-H-5-01",55.9979079271534,-0.424108317330118,1.1586113531522,0.00142663647241946,0.0251088019145825
"Megasphaera sp.",4338.39665492034,-0.791885386566781,1.55678122621491,0.00287515696935036,0.0484933821094118
"Fusobacterium varium",3305.97972997532,0.317245042860597,1.09455562186888,0.00297573026580482,0.0484933821094118
"Phascolarctobacterium faecium",47558.3549278748,-0.765304712723237,1.51411708834965,0.00311129905307002,0.0488918422625289
"Faecalibacterium sp. I4-1-79",143451.832145152,-2.92153400205851,1.91618097011411,0.00414218435634597,0.0628469350618009
"Ruminococcus bovis",624.556563596722,-2.76439959237103,1.73820626963915,0.00462374396054817,0.0678149114213731
"Bacteroides finegoldii",21685.5964035619,2.77051221244258,4.74016636693,0.00670053626234834,0.0951043856591377
"Streptococcus pantholopis",33.27325088661,0.441070642041962,1.16776531384705,0.00703783272651888,0.0967701999896346
"Fusobacterium canifelinum",44.4448045606329,0.36666859695983,1.12043891342033,0.00837373651237704,0.111649820165027
"Prevotella multiformis",3116.05115326752,-2.39583288067107,1.97149493219479,0.00881854090523884,0.114122294067797
"Alistipes shahii",223485.181349584,-2.02508665068021,1.26867838359488,0.00929131516304977,0.116805104906911
"Alistipes onderdonkii",430763.507975292,2.13453836655282,1.32067530182321,0.00991404464607756,0.121171656785392
"Alistipes sp. dk3624",20639.2779889881,-0.882544359307582,1.65492067351995,0.0113393028083713,0.13129719041272
"Clostridium argentinense",38.3251057472371,0.354115219499901,1.11323392333935,0.0111785452350353,0.13129719041272
"Acidaminococcus intestini",197115.361647848,-0.633715426091441,1.32754553837567,0.0140928354903722,0.158996092711892
"Adlercreutzia equolifaciens",1619.53427506566,1.43919768482028,2.80893418983065,0.0154546907418702,0.170001598160572
"Prevotella sp. E9-3",2315.76584829334,-1.87636076010328,1.95534340811694,0.0177706592685769,0.1907095141018
"Akkermansia sp. AE01SA01",14.0423204170882,-0.323800563382981,1.0977860265895,0.022164813241474,0.232202805386871
"Acidaminococcus timonensis",512.852059817229,1.34402879252818,2.28497290318377,0.0228837873977725,0.234159685000463
"Paraprevotella clara",132282.050424983,-0.765123913637858,1.44896846006424,0.0238986295326758,0.238986295326758
"Clostridium novyi",8.64669542951292,0.521858176183223,1.22211290198735,0.0276401453720457,0.270259199193336
"Dialister massiliensis",1865.31736304403,-1.39850062866044,1.98684791893263,0.0288828196798003,0.270979924916106
"Adlercreutzia hattorii",1823.47520594541,1.33212387837057,2.07261155312431,0.0289455828887659,0.270979924916106
"Erysipelatoclostridium sp. An173",14.4529351912569,0.351746124158441,1.11028682009479,0.0340097382189882,0.30539356768071
"Clostridium sp. DL-VIII",16.5439827222611,0.331720981279672,1.10019364049824,0.0337842151162149,0.30539356768071
"Bacteroides difficilis",17979.2640786785,1.02564062707582,1.73160919134226,0.0361993234399474,0.318554046271537
"Faecalibacterium sp. IP-3-29",60700.8143531793,-1.31728629778953,1.52472905826516,0.0425593255258472,0.360117369834091
"Ruminococcus bicirculans (ex Wegman et al. 2014)",8679.81611156372,-1.06779237894741,1.6643745859655,0.0420250405396698,0.360117369834091
"Streptococcus merionis",11.8990496420131,0.342430819506746,1.10485737848679,0.0438144040524416,0.363742222322157
"Ruminococcus champanellensis",3740.05202101379,1.09373589770574,1.63656716656161,0.0495519588671903,0.36936243738571
"Clostridium cochlearium",30.0323620161207,0.83219911163266,1.46966217051714,0.0483476514079438,0.36936243738571
"Clostridium culturomicium",42.5785188234321,0.699220844757618,1.35320620540194,0.0456634626136937,0.36936243738571
"Dorea longicatena",5858.52606588207,1.31697622193616,1.13224565606355,0.0511786291898311,0.36936243738571
"Streptococcus thermophilus",215.737416751426,1.34170912177359,1.50672508839892,0.0466558047043455,0.36936243738571
"Bifidobacterium asteroides",10.8682976974943,0.327651038807925,1.09717944234676,0.0520465252679864,0.36936243738571
"Phocaeicola coprocola",23505.6161363492,0.264614401040714,1.06958270409147,0.05188321110817,0.36936243738571
"Clostridium sp. MB40-C1",13.4493123786484,0.299917877468697,1.08468809105466,0.0508393280354429,0.36936243738571
"Clostridium sp. 001",12.8792967347055,0.314841009818922,1.0914428316114,0.0480394196031755,0.36936243738571
"Prevotella intermedia",5105.11786387421,-1.27085200719354,1.2902813129595,0.0531110641704525,0.370934416428557
"Faecalibacterium sp. I3-3-33",40785.0034995117,-1.13832107429052,1.37917363991883,0.0605140039846069,0.400527252945289
"Faecalibacterium hominis (ex Afrizal et al. 2022)",23169.0498032092,-1.1890284601379,1.27628132873772,0.061899666364272,0.400527252945289
"Blautia hydrogenotrophica",2982.85872168407,1.24773165080214,1.12366229152236,0.0603486038173388,0.400527252945289
"Lactobacillus iners",10.4111112640725,0.306640852778356,1.0871719886113,0.0611611743697992,0.400527252945289
"Escherichia ruysiae",11.871612117687,-0.219131149548348,1.0550775994398,0.0599212638444695,0.400527252945289
"Eubacterium sp. MSJ-33",3345.52698878214,-0.9687779898861,1.43850983244989,0.0669770955758344,0.407974987359985
"Lachnospira eligens",19627.1779781281,1.06024514992474,1.48730373898853,0.067686759266543,0.407974987359985
"Coprococcus eutactus",12142.0201341144,0.941586174082633,1.48451641564764,0.0662238427473155,0.407974987359985
"Dialister succinatiphilus",1851.2020727287,-0.867818110339202,1.42611215772115,0.0640612815619695,0.407974987359985
"Gordonibacter urolithinfaciens",1437.43416189371,-1.05339670102783,1.41965363323492,0.0675449624342775,0.407974987359985
"Phascolarctobacterium succinatutens",475480.803827089,0.41567232689011,1.13842386646697,0.0707972570156021,0.415343907824866
"Enorma phocaeensis",594.136020667676,1.13624926829674,1.35597150466139,0.0701595760901295,0.415343907824866
"Acidaminococcus fermentans",2084.21672106753,0.681881548705187,1.3037416155377,0.0733159915268688,0.424461003576609
"Porphyromonas somerae",120.289597406536,-1.01289312140354,1.38584419896237,0.0742952457682579,0.424544261532902
"Sutterella wadsworthensis",518144.719858714,-0.593780011540321,1.23446858116713,0.0754737002968689,0.425749078597722
"Prevotella corporis",3187.7810786025,-1.04259131383734,1.3082289245952,0.0780272308614778,0.429149769738128
"Ruminococcus sp. JL13D9",858.683089464003,-1.08861512916255,1.22661049909866,0.0778288736726763,0.429149769738128
"Phocaeicola coprophilus",72348.5855035445,-0.738298174966723,1.28809976782284,0.0824009580862846,0.446160422953966
"Clostridium fermenticellae",8.5268152689776,0.28265221549339,1.076286779622,0.0831480788232391,0.446160422953966
"Bacteroides uniformis",1518389.6500119,-0.868674367886307,1.32288354277179,0.0874948224523476,0.462844764946953
"Segatella hominis",536939.414261219,-0.535908812877166,1.19161168280666,0.0883612733080546,0.462844764946953
"Streptococcus halichoeri",12.3427732818998,0.226468099788725,1.05606129068887,0.0899395936775085,0.465569661389456
"Sutterella megalosphaeroides",3756.25139895303,0.453359122392787,1.15132097138181,0.0923253149077492,0.472362076272205
"Alistipes finegoldii",284612.233129122,-0.700618557685833,1.23947847092848,0.101175475663413,0.500193362830354
"Blautia producta",716.705626434627,0.980850349032048,0.878899869399376,0.100753621746788,0.500193362830354
"Megasphaera elsdenii",1001.56663566326,-0.913725708560251,1.24882384118013,0.10073031327136,0.500193362830354
"Alistipes sp. i18-0019-D1",48848.0642473832,0.810830037181847,1.29135773131483,0.109426116195438,0.506449585365637
"Bacteroides ovatus",286908.873694567,-0.781562537795837,1.19839647555814,0.109394781497473,0.506449585365637
"Eubacterium ramulus",1518.46754041067,0.980186640278227,0.942476085845346,0.109775976934344,0.506449585365637
"Streptococcus agalactiae",846.017487572066,0.872768988090884,1.2611541438582,0.110498091352503,0.506449585365637
"Enterococcus faecalis",422.56944857397,0.956444958615316,1.19346678148797,0.107038561624778,0.506449585365637
"Streptococcus phage Dp-1",7.79608455755482,0.248463116661505,1.06290225412562,0.109537895821136,0.506449585365637
"Streptococcus alactolyticus",9.61305840300345,0.224887776160447,1.05525636630907,0.108280381914073,0.506449585365637
"Bacteroides faecis",18761.3117427764,0.960632173442283,1.18894415032862,0.114305807122813,0.508025809434726
"Barnesiella viscericola",3744.06450046475,-0.93215865631134,1.06410692859942,0.114290218242303,0.508025809434726
"Clostridium sp. HCS.1",44.8202775780131,0.514801069667455,1.17107802987878,0.112818222134718,0.508025809434726
"Parabacteroides chongii",1352.12987956103,0.928988978974907,1.13115066708198,0.119287703248541,0.518074606197235
"Prevotella bivia",2898.21609921693,-0.627857669296789,1.20183573666603,0.122596112801251,0.518074606197235
"Paraprevotella xylaniphila",34068.3389127183,-0.583628510664328,1.18525130065834,0.121642720062547,0.518074606197235
"Faecalibacterium wellingii",26445.8420771848,-0.850098957024944,1.15040442146704,0.119204604181261,0.518074606197235
"Clostridium cadaveris",352.923734095987,-0.891403942741091,1.12002562311816,0.121870092655973,0.518074606197235
"Streptococcus zhangguiae",8.02240845142734,0.223584651785024,1.05457000719169,0.12377543455161,0.518074606197235
"Enterococcus gilvus",4.64541343735578,-0.215660931269374,1.05276922765818,0.125263984233043,0.518074606197235
"Enterococcus wangshanyuanii",4.64394719580906,-0.215574918337447,1.05271374611271,0.125986324688873,0.518074606197235
"Porphyromonas levii",294.384666029107,0.85585617913388,1.16803078250763,0.129501563467545,0.526471764402532
"Streptococcus canis",5.89796374085189,0.251894260396543,1.06349351074012,0.130421414363354,0.526471764402532
"Prevotella dentalis",5117.14559355163,-0.756188429555408,1.17295924388325,0.135581630369808,0.542326521479233
"Wujia chipingensis",55910.6013420869,-0.579486872248304,1.16952281180952,0.137119765112861,0.543537807654583
"Bifidobacterium sp. ESL0764",6.77755196758517,0.222150760715605,1.05382329067596,0.139727832839408,0.548930771869103
"Prevotella sp. E13-17",1715.65434647992,-0.670825514597527,1.18028702166023,0.141410191471429,0.550623754402024
"Veillonella rogosae",1463.6410377987,-0.458727625546605,1.12843808794489,0.143500137170078,0.553860178551177
"Clostridium baratii",63.2560656608849,0.328361441797944,1.0838703251289,0.14637973086798,0.560061578973139
"Roseburia faecis",34328.925023843,-0.780300494941477,1.10306772375202,0.148576646706452,0.563566590955507
"Bacteroides sp. CG01",766.930408719914,0.768058208863121,1.1410396248496,0.154426512976255,0.579723166089572
"Parabacteroides faecis",850.514619621289,-0.775583030662407,1.05664236589898,0.160926469432256,0.579723166089572
"Prevotella histicola",879.98115367075,-0.531380784673322,1.13846985166526,0.161368532863339,0.579723166089572
"Porphyromonas gingivalis",621.084779364866,-0.798105976571751,0.915526044270589,0.163354643450448,0.579723166089572
"Ruminococcus sp. SR1/5",3761.98168782756,0.809304549813457,0.894762909518077,0.159704222675795,0.579723166089572
"Ruminococcus sp. JE7B6",545.566319342545,-0.787300337207893,1.04626041510336,0.159361822647752,0.579723166089572
"Blautia obeum",7067.49720087323,0.816379370085545,0.904395834382979,0.163438307609895,0.579723166089572
"Parabacteroides phage YZ-2015a",5.80836389736462,0.220536203828975,1.05295059930767,0.157306286704915,0.579723166089572
"Clostridium sp. deep sea",3.19271369711873,-0.213040862631452,1.05109396045207,0.164694081275447,0.579723166089572
"Faecalibacterium sp. 7",38515.7671269748,-0.70929386904507,1.09240993799046,0.169662413524782,0.592471920245272
"Blautia hansenii",1824.35524802981,-0.772942418405026,0.860072947924606,0.171755303309428,0.595057743749199
"Methanobrevibacter sp. DSM 116169",2.90246699738066,-0.212247641975661,1.05059781995515,0.17587472286038,0.604569359832555
"Bifidobacterium crudilactis",4.65310725700972,0.221159170669996,1.05267893551151,0.178720484961258,0.60494172032123
"Fusobacterium necrophorum",90.3078531222657,0.774103636355337,0.949173767918648,0.17881009907978,0.60494172032123
"Clostridium drakei",4.71929566660875,0.218394351961574,1.05178659221243,0.181482516096369,0.60494172032123
"Streptococcus intermedius",4.71929566660875,0.218394351961574,1.05178659221243,0.181482516096369,0.60494172032123
"Bacteroides caccae",114241.010115379,0.668012635959399,1.07173243093201,0.186081433020521,0.611013660664397
"Porphyromonas sp. oral taxon 275",422.554648119076,-0.747132410217317,0.929111710064917,0.185223491271771,0.611013660664397
"Prevotella sp. Rep29",1649.73854508986,-0.690889957419734,1.0355562964481,0.193823805592928,0.6141773753254
"Faecalibacterium duncaniae",58356.394765686,-0.685705645275283,1.00591989168122,0.194024216295979,0.6141773753254
"Clostridium saccharoperbutylacetonicum",42.5851453927943,0.41737021618935,1.09909084105325,0.19297767102187,0.6141773753254
"Bifidobacterium thermophilum",181.261324460058,-0.403255227436868,1.09305349282974,0.190804421430129,0.6141773753254
"Bifidobacterium sp. ESL0827",2.49580753336168,-0.210991720469981,1.04982078098255,0.193802341013596,0.6141773753254
"Parabacteroides johnsonii",12769.2229303469,0.624589622830231,1.11854236705717,0.195994716659385,0.61598339521521
"Prevotella denticola",5650.12161757133,-0.611073594730883,1.08125762390201,0.199834274682928,0.616387864063646
"Megasphaera stantonii",179.149909649714,-0.602002926211484,1.09391682348766,0.199667625089301,0.616387864063646
"Streptococcus constellatus",3.94204553216688,0.21681376155521,1.05091776144902,0.20172693732992,0.616387864063646
"Lactobacillus gasseri",3.94204553216688,0.21681376155521,1.05091776144902,0.20172693732992,0.616387864063646
"Bilophila wadsworthia",59311.2223413444,-0.508897063165995,1.09201237748706,0.2081511797393,0.631631166105463
"Bacteroides zhangwenhongii",34793.143192378,0.629226484060988,1.08746298139741,0.210453060950194,0.634242101493736
"Bacteroides caecimuris",5588.63237463977,0.646099490200944,1.03260067613952,0.220248137063593,0.647265066098007
"Tannerella forsythia",241.262981466444,-0.601577272890593,1.05672397106477,0.219241808370518,0.647265066098007
"Streptococcus lutetiensis",3.32501398890706,0.214680498845582,1.04975077310579,0.225071716165898,0.647265066098007
"Bifidobacterium choerinum",41.8432570491323,-0.422722138881098,1.08413647549094,0.221306367513731,0.647265066098007
"Bifidobacterium lemurum",3.33950266629465,0.21475681574814,1.04979239941094,0.224345614205319,0.647265066098007
"Clostridium thermarum",3.38877598379258,0.214969681302007,1.04990884857797,0.22214703435865,0.647265066098007
"Streptococcus acidominimus",3.3196172902458,0.214706553121866,1.04976452295772,0.225041564536393,0.647265066098007
"Phocaeicola vulgatus",740036.20226403,0.701904125674468,1.00593336228583,0.227057111026704,0.647661097922823
"Parabacteroides absconsus",9623.94745020236,0.481550901567554,1.03542950325103,0.228783345608734,0.647661097922823
"Tannerella serpentiformis",322.157520360123,-0.523430202680476,1.06623525481548,0.235862078792263,0.647661097922823
"Prevotella sp. oral taxon 475",1147.53874185732,-0.576182543647718,1.04431348645496,0.232597276989384,0.647661097922823
"Clostridium sp. BNL1100",3.04257192938475,0.213546993988782,1.04912785376196,0.237653219078072,0.647661097922823
"Eubacterium limosum",164.83076511439,0.664461128572617,0.901251786966083,0.235707222845228,0.647661097922823
"Blautia liquoris",104.507598869119,0.661211396612281,0.862885997120516,0.238457040598858,0.647661097922823
"Megasphaera massiliensis",80.1333799110744,-0.521405780318255,1.07329857654202,0.231823709821453,0.647661097922823
"Enterococcus sp. AZ170",3.1452835030202,0.2139533249073,1.04935166890169,0.233019225160787,0.647661097922823
"Akkermansia massiliensis",69.1702940590754,0.305175228752689,1.06143028615266,0.241637774648149,0.648798517096275
"Faecalibacterium sp. I3-3-89",181542.262786911,0.676041300756785,1.09160888084707,0.244407438360458,0.648798517096275
"Clostridium autoethanogenum",2.87568777418989,0.212727281567529,1.04867964705509,0.246248528079722,0.648798517096275
"Blautia sp. SC05B48",1255.45146592661,0.6474236057806,0.796805428941778,0.24592330146949,0.648798517096275
"Collinsella stercoris",4814.95462974,0.523474525314342,1.08520433183601,0.242858552229449,0.648798517096275
"Bacteroides sp. A1C1",48045.0033166381,-0.47795384354523,1.04547649233696,0.26173948676454,0.651780524395785
"Clostridium sp. OS1-26",82.0146380739671,-0.350800857905944,1.06349666829187,0.249224117107245,0.651780524395785
"Clostridium sp. JN-9",17.1410660855068,0.384036373140448,1.06482592397224,0.262193529131941,0.651780524395785
"Clostridium isatidis",45.4091157035764,0.494648082090835,1.05636570073614,0.26149534843994,0.651780524395785
"Streptococcus salivarius",2888.04872681305,-0.545454716560538,1.02399803038676,0.254524419133281,0.651780524395785
"Lactobacillus amylovorus",2.69595728830302,0.211798847999751,1.04817249302029,0.256093914244858,0.651780524395785
"Clostridium chauvoei",44.5875426312335,0.278522671254211,1.05291418599294,0.260701849394207,0.651780524395785
"Streptococcus hillyeri",2.62803035477792,0.211491804257293,1.04800354095951,0.25969884416398,0.651780524395785
"Streptococcus equi",20.553067979199,-0.207578179799842,1.04117718099787,0.258868026117344,0.651780524395785
"Lactobacillus ultunensis",2.69718904832471,0.211870730460562,1.04821084461927,0.255674349244814,0.651780524395785
"Faecalibacterium sp. IP-1-18",57162.7558899984,-0.553514457561053,0.980306751065587,0.264852772012353,0.654692245423794
"Streptococcus suis",153.464151280317,0.612281159787507,0.841243339508554,0.269714740033627,0.655660141518209
"Enterococcus sp. DIV0210g",2.48889179433656,0.210621418638793,1.04753001656149,0.268548915639213,0.655660141518209
"Fusobacterium pseudoperiodonticum",364.900163349086,0.252733454883703,1.04916745851414,0.266961184026269,0.655660141518209
"Enterococcus rotai",2.42055427413756,0.210244400717983,1.04732455962945,0.272724602259843,0.659334203265554
"Bacteroides sp. M10",8158.76876101636,-0.437728804695392,1.04250352193345,0.279259659693498,0.664185136568321
"Coprococcus catus",2568.30391670412,0.594749950888199,0.932230772591381,0.276990812457476,0.664185136568321
"Streptococcus ilei",99.0619584348136,-0.261059872647914,1.04577167531366,0.278558494610771,0.664185136568321
"Bacteroides salyersiae",6424.7945462916,-0.567547348982856,0.81336951803639,0.288825394159846,0.674050250142711
"Bacteroides cellulosilyticus",14189.2107699168,-0.490795277214499,1.0074006319495,0.28593240274167,0.674050250142711
"Faecalibacterium sp. I2-3-92",38040.2368704078,-0.513671895641952,0.942763623019041,0.292599085857404,0.674050250142711
"Clostridium sp. JN-1",2.15676583064242,0.208291339050453,1.04626976510488,0.292203186741552,0.674050250142711
"Collinsella sp. zg1085",26.0257163740007,0.367850561151885,1.05194074268999,0.290649106730778,0.674050250142711
"Bifidobacterium longum",22946.7716191095,0.514701979189885,0.999834884136685,0.28908972628276,0.674050250142711
"Escherichia coli",52068.563140588,0.453001695019433,1.00446382219519,0.295678690615555,0.676748919021376
"Bifidobacterium pullorum",68.228481251021,0.35313134717233,1.05075808450842,0.296846684934376,0.676748919021376
"Alistipes putredinis",1144048.27541422,-0.413500882663671,1.02439042040537,0.304830775234153,0.679142108533414
"Phocaeicola dorei",263861.728512208,-0.476464233169294,0.977695016670877,0.306127818238799,0.679142108533414
"Streptococcus iners",2.06690058769898,0.207564207216929,1.04587922993013,0.299456269906373,0.679142108533414
"Enterococcus durans",1.97703534475555,0.206782923864842,1.04546149343499,0.307156198928779,0.679142108533414
"Clostridium sp. 10cd*",2776.86868798304,0.215810147252377,1.04019117514468,0.309947204436512,0.679142108533414
"Fusobacterium gonidiaformans",48.4452352982277,0.258147524453727,1.04228973745403,0.309769875796886,0.679142108533414
"Fusobacterium hwasookii",53.7274041178414,0.201416880231144,1.03692637348849,0.307178884224629,0.679142108533414
"Streptococcus ratti",1.93644341931005,0.206518977281658,1.04531931265686,0.3102444632164,0.679142108533414
"Alistipes communis",197461.844254231,-0.429124449828721,0.975112441092844,0.324703642782799,0.67975491293552
"Bacteroides fragilis",157570.491823501,-0.451873394774669,0.98423530094617,0.316383025405242,0.67975491293552
"Bacteroides intestinalis",1741.52610173264,0.537925128097794,0.896265068553393,0.321506546467188,0.67975491293552
"Parabacteroides distasonis",234614.411060714,0.506976206316812,0.989251518470487,0.312724949547223,0.67975491293552
"Vescimonas fastidiosa",20027.0945310644,-0.500191327427508,0.938610969486122,0.318724291158925,0.67975491293552
"Clostridium sp. SY8519",580.037599230645,0.529800614668852,0.897545724978536,0.32597337870317,0.67975491293552
"Anaerobutyricum hallii",3279.14213754904,0.550263241682989,0.853807226284034,0.318418728844099,0.67975491293552
"Butyrivibrio proteoclasticus",115.139791932884,-0.512579455676365,0.923666711764606,0.320784128164935,0.67975491293552
"Slackia exigua",139.189562103683,0.542782956207213,0.8908070741456,0.31570907445563,0.67975491293552
"Bifidobacterium sp. ESL0728",1.79730485886868,0.205027189128584,1.04453089240293,0.324097088562399,0.67975491293552
"Bacteroides sp. HF-162",25788.2726698126,-0.428614975338486,0.989362206182924,0.335149074548633,0.684250007647206
"Bacteroides humanifaecis",38368.2419028702,-0.411628171274442,1.00359869571468,0.332516355757105,0.684250007647206
"Blautia wexlerae",11050.4518071191,0.529095168112751,0.772631231934664,0.335904549208629,0.684250007647206
"Clostridium butyricum",56.2683342576623,0.307842057809057,1.03810037972751,0.334431122888246,0.684250007647206
"Bifidobacterium sp. ESL0775",1.72896733866969,0.204411931831431,1.04420532931246,0.330516103497179,0.684250007647206
"Alistipes dispar",114368.151640723,-0.371170321202906,1.00736013214857,0.348046141797631,0.690854457888989
"Bacteroides sp. D2",4078.86200840175,-0.378220544110328,1.00812184131756,0.347853124902934,0.690854457888989
"Parabacteroides sp. ASD2025",2522.32507724401,-0.49385449465962,0.870183672314592,0.34379814445092,0.690854457888989
"Prevotella sp. E15-22",1739.72013276224,-0.353462140502903,1.01754164649792,0.347621472601811,0.690854457888989
"Enterococcus faecium",2130.72116320528,0.509097247937911,0.869102639561095,0.348567476480354,0.690854457888989
"Bifidobacterium catenulatum",555.749770427025,0.491222484517584,0.928380257046733,0.346659099982432,0.690854457888989
"Bacteroides sp. KG122",6318.38938222644,-0.176365625222859,1.02887242100871,0.351599424043953,0.693738773898382
"Coprococcus comes",4612.30013806206,0.483736785716658,0.920732335519415,0.358394634239349,0.703989460113007
"Enterococcus raffinosus",1.45233256448254,0.200890562831858,1.04237387021112,0.363283140360707,0.707276910436774
"Bifidobacterium sp. ESL0690",1.45233256448254,0.200890562831858,1.04237387021112,0.363283140360707,0.707276910436774
"Clostridium tagluense",1.43784388709495,0.200506444402772,1.04217962394331,0.366037245602224,0.709499506894178
"Alistipes senegalensis",40926.3487297598,-0.415813374586442,0.915894838102897,0.375382248235784,0.712155440041043
"Prevotella heparinolytica",514.140708541188,-0.45022176234301,0.801741186462697,0.391518001121938,0.712155440041043
"Prevotella fusca",1467.11044585923,-0.415301727676833,0.889516282799504,0.405755826703594,0.712155440041043
"Escherichia fergusonii",179.983173860754,-0.210453971276846,1.02247822783009,0.400936551602307,0.712155440041043
"Escherichia albertii",136.480933148646,-0.273559564586578,1.01420192796612,0.400060022652858,0.712155440041043
"Clostridium sp. MD294",37.2008440711063,0.393486484993114,0.979984547422124,0.385291122525652,0.712155440041043
"Clostridium sp.",1.16824815826464,0.195735205681974,1.03977906280936,0.407870842932597,0.712155440041043
"Clostridium intestinale",72.3498106440556,0.390571449910348,0.981801960164403,0.386472005999224,0.712155440041043
"Dorea formicigenerans",3310.85199855729,0.45429909615105,0.804614708281099,0.403743278852131,0.712155440041043
"Eisenbergiella porci",2778.64301366643,-0.434258013848912,0.845022051104914,0.399185792236629,0.712155440041043
"Dialister sp.",1158.17526901047,-0.31739974991333,1.00570739873019,0.388270452370546,0.712155440041043
"Dialister hominis",1237.02189478173,-0.390477406595555,0.958561127464176,0.39059588770671,0.712155440041043
"Streptococcus himalayensis",1.34797864415151,0.199099051152179,1.04145919355795,0.378756433901886,0.712155440041043
"Streptococcus nidrosiense",1.25811340120808,0.197501644481443,1.04065799132331,0.392635628159572,0.712155440041043
"Bifidobacterium adolescentis",63623.4438452045,0.345307649376301,0.98166509002502,0.398194554235276,0.712155440041043
"Bifidobacterium dentium",392.838004113321,-0.423572107869938,0.896417744454926,0.398681339806269,0.712155440041043
"Bifidobacterium sp. ESL0732",1.16824815826464,0.195735205681974,1.03977906280936,0.407870842932597,0.712155440041043
"Bifidobacterium breve",307.828533876608,0.465165301777679,0.821592902969511,0.388592042912246,0.712155440041043
"Bifidobacterium subtile",11.1257092877845,0.307353606888867,1.01000224330406,0.402335990071765,0.712155440041043
"Clostridium septicum",61.7104365068958,0.184643921237269,1.0287919432409,0.381460666857975,0.712155440041043
"Clostridium felsineum",1.31401517738896,0.198716999354552,1.04126232217397,0.38294630653779,0.712155440041043
"Clostridium aceticum",1.17569779029539,0.196105383085427,1.03996052152157,0.405502133621171,0.712155440041043
"Streptococcus sp. 11-4097",1.38317387093575,0.199844817570516,1.04183725203839,0.37279099034536,0.712155440041043
"Streptococcus gwangjuensis",1.24485648384217,0.197460442119651,1.04063436667479,0.393817088632011,0.712155440041043
"Bifidobacterium sp. ESL0682",14.9556100650781,-0.178041026208424,1.02837218354037,0.369325246015551,0.712155440041043
"Alistipes indistinctus",2430.15886474491,0.443531657690196,0.818765111741726,0.410735454399796,0.714322529390949
"Bacteroides sedimenti",846.727055763161,-0.342446223518663,0.969406061419789,0.420155583487113,0.718719987135019
"Clostridium perfringens",334.004090723126,0.419629272783881,0.876802336343194,0.42264595104306,0.718719987135019
"Clostridium acetobutylicum",60.2965413991086,0.266083539253445,1.01499711706866,0.419529279897602,0.718719987135019
"Simiaoa sunii",21908.5622065346,0.402352287037615,0.931445618617235,0.42373703608428,0.718719987135019
"Enterococcus avium",1.07838291532121,0.193756390232093,1.03880729607608,0.424698174216147,0.718719987135019
"Streptococcus anginosus",1.1065390967486,0.194658580687312,1.03924210030945,0.418107130966809,0.718719987135019
"Bifidobacterium coryneforme",1.1065390967486,0.194658580687312,1.03924210030945,0.418107130966809,0.718719987135019
"Parabacteroides sp. CT06",6679.29380921245,-0.38081661163805,0.8989678999587,0.429986891797683,0.720334693309952
"Porphyromonas asaccharolytica",453.630669790586,0.36013643285829,0.964498313405281,0.430775218344735,0.720334693309952
"Faecalibacterium prausnitzii",1279268.39034391,-0.368999981344369,0.912293009560791,0.432200815985971,0.720334693309952
"Enterococcus sp. DIV1368d",1.03738040320181,0.193036540436031,1.03845269439687,0.431759799254525,0.720334693309952
"Clostridium tyrobutyricum",11.3317217707982,0.210743762375455,1.0184038777299,0.435899993439643,0.721037583133244
"Streptococcus koreensis",45.0686997672432,-0.211397298872337,1.01572585353254,0.435082209179365,0.721037583133244
"Roseburia sp. 499",263.934863201611,0.411183457907629,0.799442042774282,0.44235369345448,0.72800333393522
"Streptococcus sobrinus",0.988517672377775,0.191490428053497,1.03771728018633,0.443420212487816,0.72800333393522
"Blautia argi",215.540815590389,0.405290474322688,0.808831852339564,0.447065085395661,0.731258875740115
"Bacteroides eggerthii",84703.5066798853,0.444242506767576,1.00920730006797,0.452715836920828,0.737759141648756
"Prevotella melaninogenica",4636.93997600622,-0.359722526972043,0.879126226214904,0.463032168068864,0.751786545942067
"Slackia heliotrinireducens",369.757660069515,-0.364293718197827,0.869374479887555,0.464800453636374,0.751883086764722
"Prevotella communis",3026.59718133603,-0.340461478392438,0.906940821127232,0.468884123044627,0.755710674504161
"Prevotella sp. E2-28",2194.0491645646,-0.316584010087441,0.932689658736378,0.476594404384638,0.757089094972688
"Blautia massiliensis (ex Durand et al. 2017)",10192.0087501258,0.366475950869654,0.731801351491119,0.47823266501879,0.757089094972688
"Streptococcus mitis",44.5231156171451,-0.371113031691957,0.81042833780387,0.472955654701993,0.757089094972688
"Clostridium gasigenes",26.2353065962787,0.198524408840313,1.01197078264371,0.476697685869552,0.757089094972688
"Escherichia sp. E4742",40.9080095623961,-0.155516080393978,1.01586409224751,0.478342655460016,0.757089094972688
"Barnesiella sp. An22",20995.3895774162,-0.306323266018024,0.923998154647946,0.490852085137227,0.75878524647218
"Segatella oris",1597.33974942598,-0.256843153309431,0.97463799765949,0.491485898283116,0.75878524647218
"Clostridium sp. LQ25",203.483560298213,-0.224246924618545,0.993669991403398,0.488531412727322,0.75878524647218
"Dialister pneumosintes",386.695845791687,-0.222274150439495,0.993443252017502,0.490524729265788,0.75878524647218
"Clostridium taeniosporum",46.3156239235697,0.196425229923557,1.01203887951991,0.482072069744287,0.75878524647218
"Streptococcus sp. KHUD_013",63.6953270989324,-0.150050404419248,1.01519283080582,0.486994946686982,0.75878524647218
"Streptococcus sp. HSISS2",15.1358622946166,-0.150268386965635,1.01625602203831,0.483143937941648,0.75878524647218
"Clostridium scatologenes",0.760745629014662,0.184442168649686,1.03445512805953,0.500559769239268,0.770091952675797
"Parabacteroides goldsteinii",3588.00454092744,0.349284025614794,0.849516813673196,0.507003204091796,0.771551553595346
"Eubacterium sp. F2",110.438573989276,0.342451164834495,0.835797144299478,0.510276141127831,0.771551553595346
"Roseburia sp. 831b",348.805589579213,0.350695214534023,0.749414454732583,0.509389407855777,0.771551553595346
"Blautia parvula",190.684619729793,0.353933681509673,0.787940876937456,0.504429662780203,0.771551553595346
"Clostridium saccharobutylicum",16.2035971496847,0.153047104307725,1.0147952535548,0.50521611596112,0.771551553595346
"Subdoligranulum variabile",6498.21102130104,-0.321084959133102,0.832251239689801,0.516328549473711,0.772736604654534
"Blautia pseudococcoides",181.992800061714,0.342969323914514,0.72672952167301,0.515952196239686,0.772736604654534
"Enterococcus casseliflavus",33.4839924244714,-0.297461472511698,0.919142845744263,0.51475899434774,0.772736604654534
"Streptococcus infantis",12.0458045926444,-0.140935980106847,1.01230074310804,0.521525975091011,0.777869250983203
"Eubacterium maltosivorans",391.647352166395,-0.319268437209799,0.82926202511784,0.525799681260322,0.778962490756033
"Streptococcus vestibularis",25.2135715391211,0.23693632771384,0.979244723210743,0.52565350683652,0.778962490756033
"Bifidobacterium actinocoloniiforme",24.6878786006631,-0.139968686848716,1.01080900645534,0.53055893102515,0.783375602855926
"Alistipes ihumii",31463.2445105566,-0.227433030093021,0.959808884886019,0.540595013550642,0.785286247706272
"Bacteroides zoogleoformans",1302.18141214119,-0.303159815620449,0.821395669351129,0.544346148978211,0.785286247706272
"Veillonella atypica",171.669695917806,-0.204347368072111,0.985097126332362,0.533903866074394,0.785286247706272
"Megasphaera hexanoica",108.650744082352,0.304555057821123,0.871611489641599,0.543269085645106,0.785286247706272
"Streptococcus pasteurianus",126.257521946464,0.225880913626233,0.980032576078939,0.542495785067793,0.785286247706272
"Streptococcus sp. FSL W7-1342",61.1669764861797,-0.136691750143747,1.00990992961903,0.538081243637451,0.785286247706272
"Streptococcus sp. DTU_2020_1001019_1_SI_AUS_MUR_006",5.54301021191729,-0.136611377832713,1.01071827156302,0.540612137436411,0.785286247706272
"Prevotella jejuni",1874.62008936052,-0.291972993413578,0.849869282960798,0.550131124532461,0.79103821828197
"Barnesiella intestinihominis",102336.896828039,0.281212797348005,0.934958077271379,0.55695043437466,0.794767595618217
"Clostridium cellulovorans",30.6237894713942,0.207244173628038,0.981488978910619,0.558397240886578,0.794767595618217
"Eubacterium callanderi",819.100112622048,0.309611648518285,0.786149470087849,0.559949896912835,0.794767595618217
"Streptococcus parasanguinis",378.792717563142,-0.277000027363957,0.884758293953048,0.555155504153172,0.794767595618217
"Eubacterium ventriosum",1624.37427335063,0.302331361986219,0.820918637223479,0.564789889627798,0.799059650920357
"Bacteroides nordii",2809.74728843318,-0.274821468675215,0.857937632728953,0.566848085444583,0.799401146139796
"Prevotella herbatica",1105.03236630602,-0.256147499679896,0.894756839025215,0.573234387923414,0.800708351385086
"Porphyromonas cangingivalis",90.2192146615022,-0.239037621283662,0.932046760933447,0.570852964737462,0.800708351385086
"Clostridium beijerinckii",25.1147812786112,0.167613462611128,0.997058890398992,0.571660959814592,0.800708351385086
"Bacteroides sp. KFT8",3099.21311818102,-0.199801478265025,0.960960261971597,0.580647550208875,0.808496588898434
"Veillonella nakazawae",213.274425047862,-0.214689342553243,0.948614850170556,0.582628391646934,0.808695559383757
"Bacteroides luhongzhouii",2013.6671972548,-0.230578385861596,0.91109827215709,0.593951382778419,0.818790912772817
"Flavonifractor plautii",58800.5065674529,0.268762823151815,0.872075090854841,0.599206077074652,0.818790912772817
"Megasphaera sueciensis",8.19743059729898,-0.122256146713267,1.00519609631892,0.594497108182349,0.818790912772817
"Lactobacillus delbrueckii",28.0105360084313,0.199876211288238,0.966354059485015,0.597231349098195,0.818790912772817
"Bifidobacterium sp. ESL0790",33.549407037034,-0.121375420395873,1.00397890873419,0.598003513939441,0.818790912772817
"Agathobacter rectalis",65100.0679961187,0.259801700518768,0.890194460751893,0.603257076364892,0.821774345512546
"Bacteroides faecium",1328.58610380678,0.250202417145027,0.871932075561822,0.615669887448191,0.821822507793057
"Faecalibacterium sp. I4-3-84",43865.9642508881,-0.238061491719521,0.846964044838683,0.614740700468627,0.821822507793057
"Ruminococcus gauvreauii",172.803183716958,0.255233396186284,0.727088227755654,0.627050118825187,0.821822507793057
"Clostridium sp. BJN0013",31.5153659159736,0.19181831251074,0.965453993198945,0.610358217944969,0.821822507793057
"Clostridium sp. BJN0001",16.3954476209403,0.175262681329166,0.969585498730217,0.624950477455501,0.821822507793057
"Butyrivibrio hungatei",77.8250417467796,0.248335801941233,0.817422067460337,0.62944132983241,0.821822507793057
"Veillonella orientalis",130.594235710615,-0.166990977782464,0.974693784100805,0.610285791266422,0.821822507793057
"Streptococcus sp. CP1998",26.0282749185544,-0.135357929558666,0.98711113724732,0.628224986621868,0.821822507793057
"Streptococcus equinus",14.4138024949381,0.182444134354358,0.967776342474803,0.616846268144863,0.821822507793057
"Streptococcus pneumoniae",42.092825730537,-0.174278487483865,0.965690565919258,0.617926152929879,0.821822507793057
"Bifidobacterium angulatum",127.959051036167,0.187905743253685,0.969468762139572,0.614255834294895,0.821822507793057
"Streptococcus pyogenes",27.3643733871028,-0.167902363861336,0.970663434530534,0.618949027190912,0.821822507793057
"Streptococcus sp. A12",41.0297372069298,-0.140266477171525,0.987838064838983,0.625041883880999,0.821822507793057
"Enterococcus gallinarum",6.07873865017036,-0.113188719717126,1.00219047081377,0.628291001682673,0.821822507793057
"Clostridium sp. M62/1",6275.5829126057,-0.236359587268232,0.771095125131041,0.635345973779372,0.827077599002733
"Prevotella sp. oral taxon 299",693.906779802,-0.21013903755093,0.884081535627642,0.640864894181762,0.831801042595797
"Clostridium pasteurianum",40.5100070888854,-0.192035398930694,0.922751923134922,0.64450634235935,0.834067031288571
"Streptococcus sp. FSL K6-1323",368.247365700531,-0.119583409952326,0.990802773741657,0.648020980385386,0.836156103723079
"Bacteroides thetaiotaomicron",76012.997212427,-0.21961282731405,0.796437233000205,0.65338231751321,0.836578273470011
"Bacteroides sp. KG123",1215.40355423836,-0.137264706451938,0.970776260907245,0.653526305820548,0.836578273470011
"Gordonibacter pamelaeae",441.524356351181,-0.221538267638703,0.758381009517933,0.659756047486576,0.836578273470011
"Bifidobacterium saguini",35.1196283316579,-0.126941474252179,0.984627386477172,0.658439885392792,0.836578273470011
"Streptococcus rubneri",18.7174033677064,-0.10369452211529,0.998925238057432,0.659111836455236,0.836578273470011
"Streptococcus chenjunshii",6.21705603726393,-0.105655218626108,0.999807395930947,0.654880783372081,0.836578273470011
"Bacteroides sp. DH3716P",50704.5575386911,-0.176342457162037,0.905819934305595,0.668363201948764,0.84263555546549
"Akkermansia sp. BCRC 18949",13.5297390176345,-0.10149949429561,0.998321754672014,0.667743209700954,0.84263555546549
"Bacteroides helcogenes",1041.71043906235,-0.20149567988633,0.774356704202357,0.684430000838621,0.860156459273165
"Bacteroides graminisolvens",300.227192099772,-0.197429762900103,0.8006426437783,0.688112922361152,0.860156459273165
"Streptococcus porcinus",2.75621512984822,-0.0968620228913755,0.997631002030886,0.688125167418532,0.860156459273165
"Bacteroides stercoris",337658.182426138,0.177221992778293,0.924158888408233,0.704366534917656,0.866445926152883
"Prevotella scopos",548.719614049147,-0.144075856913385,0.93547620365029,0.701917045719809,0.866445926152883
"Faecalibacterium sp. i21-0019-B1",59556.2994915005,-0.168304471355883,0.863214973010897,0.698434760283611,0.866445926152883
"Roseburia rectibacter",463.023044243737,0.20018281734848,0.744897414000793,0.704971912642573,0.866445926152883
"Butyrivibrio fibrisolvens",137.424197519736,0.200526941903295,0.730532658529355,0.702723303453751,0.866445926152883
"Streptococcus oriscaviae",8.02327484246616,-0.110187313187756,0.984843793807362,0.69577628028762,0.866445926152883
"Lactobacillus crispatus",5.5911629263713,-0.0882854402444286,0.995111813814115,0.713843405546888,0.872475273446196
"Bifidobacterium aquikefiricola",2.82537382339501,-0.0893373066813695,0.995621481480363,0.713551853764026,0.872475273446196
"Veillonella rodentium",19.3586395914925,0.132815167904474,0.954867075275347,0.722129943116638,0.873772394339192
"Enterococcus cecorum",38.0032079449266,0.182222940362459,0.821243801917393,0.720049947716966,0.873772394339192
"Streptococcus sp. FSL R7-0248",60.7813915651147,-0.0994223949444886,0.980358736013835,0.722848071680604,0.873772394339192
"Akkermansia biwaensis",44.726404372913,0.0965804134056114,0.994423533001195,0.719930332937761,0.873772394339192
"Akkermansia muciniphila",60765.8009458431,0.196676042210502,0.928304077933648,0.730474111593631,0.878165598637152
"Streptococcus sp. KHUD_014",6.08266783474068,-0.0836138503883516,0.993876669335648,0.729644819790704,0.878165598637152
"Butyrivibrio sp. JL13D10",94.7898940008608,0.175392820292886,0.799828962309366,0.734809796030203,0.880970872624767
"Streptococcus parasuis",38.6455279054192,0.171618810708047,0.785255631481528,0.740121786636186,0.884928223151962
"Akkermansia sp. N21116",31.2523814706295,-0.115965242998562,0.948328822389553,0.743972859881477,0.887122109343767
"Phocaeicola salanitronis",6828.94139040697,-0.138529509082738,0.853536388045712,0.753636681082928,0.889008417363239
"Veillonella parvula",596.73706423947,-0.137503192651672,0.880132770583617,0.751152486480618,0.889008417363239
"Phascolarctobacterium sp. Marseille-Q4147",34272.111368364,0.129590903773301,0.956917183125099,0.750597056326031,0.889008417363239
"Clostridium kluyveri",9.65820597824852,0.0938584786419214,0.98172688912567,0.752494196138228,0.889008417363239
"Bacteroides sp. PHL 2737",2779.165107582,0.0976832401390349,0.987305570055984,0.75776820895042,0.889556093396997
"Dysosmobacter welbionis",54904.5129033109,-0.139642472213946,0.815939922931523,0.760166116175615,0.889556093396997
"Dorea amylophila",3780.74618756331,0.164289313729472,0.721053022938816,0.75906655206081,0.889556093396997
"Clostridium estertheticum",36.7432826416515,0.153391038355523,0.804591879030012,0.764239836450229,0.891951002753583
"Bifidobacterium sp. ESL0798",23.0244699033576,-0.0695316162616363,0.990319276749133,0.772023492411969,0.898651684289064
"Bacteroides xylanisolvens",214375.026734234,0.164772308993193,0.826682507047155,0.78562087818599,0.906326329089445
"Bacteroides maternus",810.613597735558,0.141084379478803,0.815446688023845,0.786856040254927,0.906326329089445
"Segatella bryantii",4817.98353499544,-0.0849867939587514,0.952863172013576,0.784917743495902,0.906326329089445
"Oscillibacter hominis",7549.15838803812,0.153002239356452,0.783324787771291,0.785183685943254,0.906326329089445
"Bifidobacterium sp. ESL0769",31.0648098645525,0.103518103430136,0.945799255786107,0.789104450001522,0.906542971281121
"Bacteroides hominis",53489.816833484,-0.11433109809535,0.796625297101389,0.803211169549871,0.917009193494189
"Bacteroides pyogenes",1686.06771761671,-0.118696812982802,0.691329245309756,0.808616991664198,0.917009193494189
"Coprococcus sp. ART55/1",6441.23155320211,0.132976602000293,0.874776483840808,0.80941707048817,0.917009193494189
"Streptococcus cristatus",16.5790718163897,-0.0851728940310767,0.942597396160685,0.810719491520999,0.917009193494189
"Streptococcus mutans",3.40492870217669,-0.0599506767400315,0.989338349400375,0.808414595245425,0.917009193494189
"Streptococcus australis",78.5011902542665,-0.0796270533029107,0.950534780672687,0.810218489723838,0.917009193494189
"Parabacteroides merdae",474310.450761339,-0.07042038797055,0.920579666890099,0.828964783576708,0.921439009750775
"Prevotella nigrescens",1567.78466980167,-0.0949055696435648,0.773020019612824,0.840885680014817,0.921439009750775
"Porphyromonas pogonae",139.835671273624,0.0931900024853654,0.900488637864981,0.840653626081255,0.921439009750775
"Porphyromonas crevioricanis",77.5142811552909,-0.0663934812403562,0.946535563722532,0.841340739293258,0.921439009750775
"Akkermansia glycaniphila",26.2280093936448,-0.0761492422592467,0.941295965747412,0.828564523379435,0.921439009750775
"Oscillibacter sp. PEA192",49654.2657172125,-0.0957728327773865,0.798590919876621,0.83136456607785,0.921439009750775
"Vescimonas coprocola",18674.5120231751,-0.0990688852345316,0.799321349602092,0.827984974600253,0.921439009750775
"Roseburia intestinalis",10235.0139013289,0.131436616507658,0.69165286829736,0.817142623777978,0.921439009750775
"Streptococcus sp. oral taxon 061",19.6597226170045,0.0788404358260633,0.946529964991006,0.836161348344498,0.921439009750775
"Streptococcus sp. KHUD_012",55.0646776055092,0.082286374065445,0.951069886022048,0.828691542158527,0.921439009750775
"Streptococcus sanguinis",170.54890156418,-0.0914500210782948,0.901795726309332,0.819582491851608,0.921439009750775
"Streptococcus oralis",77.1832656970773,-0.0934225730158003,0.820097207024789,0.84186018618139,0.921439009750775
"Streptococcus sp. oral taxon 431",6.84341346375534,-0.0507530324761396,0.987523108706879,0.835005884922698,0.921439009750775
"Bacteroides sp. CACC 737",19063.3107645625,-0.0740005083940291,0.883608062762754,0.846582551141236,0.922643083856793
"Roseburia hominis",14992.286459252,0.107282701316373,0.766417801089707,0.84715410426851,0.922643083856793
"Streptococcus sp. LPB0220",68.4780668898649,0.0707224895897029,0.950223683006719,0.854647002774321,0.926218426651974
"Bifidobacterium bifidum",23676.4330872453,0.0865716828558854,0.925968002116277,0.854600548718638,0.926218426651974
"Clostridium thermosuccinogenes",23.062219395342,0.0821065208293579,0.897585855374018,0.856776227159768,0.926244569902452
"Clostridium gelidum",23.6076451637325,0.073635353941091,0.914575932958226,0.865115711252801,0.932967923900079
"Escherichia marmotae",127.303490498004,0.0634598622084066,0.953269971665779,0.870513607805845,0.936493856808244
"Segatella copri",12685769.4255965,-0.0377813300455708,0.934740481533126,0.876800160744518,0.939111123259431
"Faecalibacterium taiwanense",104562.725414508,0.0926067203823623,0.850887470263843,0.877215162862787,0.939111123259431
"Streptococcus dentalis",25.6505227324614,-0.0390941402281631,0.970739700685422,0.885278115868598,0.945442648015008
"Segatella baroniae",7421.54175614305,-0.0378774213352412,0.943904406487932,0.890931195406844,0.94648574399915
"Ruminococcus albus",250.728274372445,-0.0581306240550055,0.815057229141991,0.896692622898228,0.94648574399915
"Clostridium botulinum",94.4493565658499,0.0557028437278306,0.920608474133749,0.901312560762827,0.94648574399915
"Clostridium bornimense",22.5464093020485,0.044967366015598,0.972837960158348,0.891941841951147,0.94648574399915
"Veillonella dispar",131.602797021461,0.0441670571209371,0.971839692749556,0.901304096965101,0.94648574399915
"Streptococcus gordonii",15.01151778774,0.0494148914041227,0.946502326392037,0.897952597768086,0.94648574399915
"Collinsella aerofaciens",89431.7362171876,-0.0529623674365252,0.814876840481965,0.895211134068184,0.94648574399915
"Porphyromonas endodontalis",50.5891813046664,-0.0394728903841597,0.935936453983287,0.904531967652938,0.947604918493554
"Odoribacter splanchnicus",38352.8637486038,0.0679160128052719,0.762967113464051,0.915674696500203,0.956455563288815
"Streptococcus lactarius",13.0475437051063,-0.0272085557828881,0.971833029513777,0.917327835699727,0.956455563288815
"Streptococcus sp. FDAARGOS_192",53.3971969924056,-0.0223327946274925,0.968878018586692,0.927246455238191,0.964511679207574
"Clostridium tetani",22.773246743023,-0.0253162928072433,0.942719539360033,0.934794842380295,0.967787601523129
"Bifidobacterium eulemuris",15.8043468729013,0.035260394853667,0.936444379157937,0.932901728248807,0.967787601523129
"Methanobrevibacter smithii",79.2813567589425,0.0287831379730239,0.96999669848432,0.941156510674238,0.972086536846631
"Prevotella veroralis",1401.31687874391,0.0342562287163533,0.922907499206315,0.950290702830934,0.977342853219327
"Lawsonibacter asaccharolyticus",64068.7338439662,0.0448050631086867,0.885099674687162,0.955115777822493,0.977342853219327
"Blautia luti",2519.26291372555,0.0380723540632742,0.754156953469003,0.955130515646161,0.977342853219327
"Collinsella sp. i05-0019-G5",12074.2882984919,0.0425875106587411,0.821028973905797,0.952279858831515,0.977342853219327
"Intestinimonas butyriciproducens",10636.5446309965,-0.0168021304844651,0.763182164470999,0.958069613284446,0.978075707297347
"Clostridium manihotivorum",15.3577327165309,-0.0115468529795086,0.941841984973097,0.96648274301645,0.984380571590828
"Faecalibacterium sp. i25-0019-C1",35878.5049459944,-0.000627942251148231,0.8408711647288,0.99258609559224,0.99258609559224
"Streptococcus sp. ZY1909104",63.8405650888357,-0.00654123558947493,0.790351797709088,0.983049917757349,0.99258609559224
"Streptococcus lingualis",45.555360086724,-0.000107556741089168,0.968482584443503,0.98545453098705,0.99258609559224
"Bifidobacterium pseudocatenulatum",452.096509102982,0.00278924802660393,0.908597993952716,0.989198312637984,0.99258609559224
"Bifidobacterium pseudolongum",75.6028963105851,-0.000916645123414005,0.803837327242387,0.991531228645804,0.99258609559224
"Bifidobacterium animalis",2355.0267590192,0.00728251964600308,0.977828009719597,0.989182660786728,0.99258609559224
"Bifidobacterium scardovii",20.9541831279336,-0.00361377478710638,0.890657214576964,0.98653220780634,0.99258609559224
"Streptococcus sp. Marseille-Q3533",19.9408699602121,-0.000739492972901312,0.943372972144102,0.989326419518814,0.99258609559224
